<TICKER>;<PER>;<DATE>;<TIME>;<OPEN>;<HIGH>;<LOW>;<CLOSE>;<VOLUME>;<AMOUNT>
PLZL;D;20250103;000000;1405;1414;1401;1409.5;659120;
PLZL;D;20250106;000000;1410;1411.8;1398.8;1407;272400;
PLZL;D;20250108;000000;1409.3;1443;1407.05;1441;1034830;
PLZL;D;20250109;000000;1443.65;1457;1431.55;1453.3;1305200;
PLZL;D;20250110;000000;1457.5;1493;1455.05;1488.6;1508230;
PLZL;D;20250113;000000;1493.5;1508.55;1470.6;1490.3;1356090;
PLZL;D;20250114;000000;1491.4;1499.65;1480.4;1491.4;856070;
PLZL;D;20250115;000000;1493;1509;1487;1508.4;832410;
PLZL;D;20250116;000000;1509.65;1523.5;1505.45;1520.75;915640;
PLZL;D;20250117;000000;1520.9;1529.5;1505.55;1516.35;865870;
PLZL;D;20250120;000000;1521.8;1529.9;1485.6;1497.1;1241740;
PLZL;D;20250121;000000;1502.8;1583.55;1498;1580;3064420;
PLZL;D;20250122;000000;1579.95;1610;1565.05;1601;3296390;
PLZL;D;20250123;000000;1598.45;1647;1595.05;1646.55;3387540;
PLZL;D;20250124;000000;1650.55;1709.8;1650.5;1708;3826740;
PLZL;D;20250127;000000;1710.85;1743.8;1658;1690.2;4951910;
PLZL;D;20250128;000000;1691;1725;1665.2;1720.55;2337400;
PLZL;D;20250129;000000;1720;1725;1685;1701.7;1523040;
PLZL;D;20250130;000000;1704;1732.4;1696.5;1725;1513570;
PLZL;D;20250131;000000;1727.5;1737;1705.85;1717;1600480;
PLZL;D;20250203;000000;1712.85;1747.7;1655.2;1735.95;2695530;
PLZL;D;20250204;000000;1735;1777.1;1735;1767.8;2758210;
PLZL;D;20250205;000000;1770.5;1799.5;1770;1784.65;2799350;
PLZL;D;20250206;000000;1788;1797.7;1761.2;1772.95;1542130;
PLZL;D;20250207;000000;1775;1788;1752.55;1783;1254910;
PLZL;D;20250210;000000;1787.5;1806.6;1786.2;1797.35;1342820;
PLZL;D;20250211;000000;1797.75;1818;1786.25;1817.05;1626090;
PLZL;D;20250212;000000;1817.05;1900;1812;1888.25;2840790;
PLZL;D;20250213;000000;1891.5;1985.35;1891;1931.9;3962140;
PLZL;D;20250214;000000;1926.7;1969.5;1852.5;1870.95;3015350;
PLZL;D;20250217;000000;1882.2;1898;1805.5;1850;2652780;
PLZL;D;20250218;000000;1849.5;1883;1816.5;1871.7;2299310;
PLZL;D;20250219;000000;1876;1906.05;1871.4;1897.35;1794370;
PLZL;D;20250220;000000;1902;1933;1884.25;1900.9;1629470;
PLZL;D;20250221;000000;1901.1;1902.95;1860;1884.9;1145990;
PLZL;D;20250224;000000;1889.8;1895.95;1864.2;1871.7;1070930;
PLZL;D;20250225;000000;1867;1966.2;1860;1952.1;3206720;
PLZL;D;20250226;000000;1952.05;1980;1932.5;1956.25;1783330;
PLZL;D;20250227;000000;1956.2;1962.55;1902.3;1916.8;1968840;
PLZL;D;20250228;000000;1914;1935.3;1890;1931.3;1876570;
PLZL;D;20250301;000000;1931.3;1946.7;1931.3;1938.85;50890;
PLZL;D;20250302;000000;1938.8;1950;1934.85;1939.5;48010;
PLZL;D;20250303;000000;1938.8;1944.75;1888.5;1915.9;1728530;
PLZL;D;20250304;000000;1918.75;1980;1909.2;1970.25;2456050;
PLZL;D;20250305;000000;1974.8;1984.65;1941.2;1953.15;2333050;
PLZL;D;20250306;000000;1955.45;1987.5;1942.85;1955;1535310;
PLZL;D;20250307;000000;1946.25;1967;1907.45;1939.95;1565760;
PLZL;D;20250310;000000;1945.1;1960;1877.3;1887.1;3306920;
PLZL;D;20250311;000000;1887.15;1915.15;1861.25;1903.05;1415390;
PLZL;D;20250312;000000;1909.75;1912.5;1886.8;1902.15;568620;
PLZL;D;20250313;000000;1903.6;1915;1845;1899.7;1770330;
PLZL;D;20250314;000000;1902.4;1941;1890;1933.3;1708250;
PLZL;D;20250315;000000;1933.3;1945;1926.65;1938.15;39670;
PLZL;D;20250316;000000;1938.2;1945;1931.1;1940.75;55320;
PLZL;D;20250317;000000;1944.5;1953.05;1925.55;1940.65;1100060;
PLZL;D;20250318;000000;1943.25;1953.8;1900;1900.1;1003550;
PLZL;D;20250319;000000;1908;1939.95;1890.05;1905.45;882280;
PLZL;D;20250320;000000;1910.05;1914.2;1871.8;1903.95;1128590;
PLZL;D;20250321;000000;1906.1;1915.35;1894;1901.7;577510;
PLZL;D;20250327;000000;1901.8;1971;1830;1867.6;1477013;
PLZL;D;20250328;000000;1879.6;1907.2;1854.4;1880;947458;
PLZL;D;20250329;000000;1880.2;1889;1868.4;1870.4;31130;
PLZL;D;20250330;000000;1870;1879;1845.6;1855.8;63302;
PLZL;D;20250331;000000;1856.2;1911.8;1840;1863.6;867372;
PLZL;D;20250401;000000;1871;1882.8;1755;1783;1717979;
PLZL;D;20250402;000000;1789;1819.6;1756;1811.4;1150717;
PLZL;D;20250403;000000;1818.8;1828.6;1692.4;1741.2;2068911;
PLZL;D;20250404;000000;1750;1800;1713;1741.2;2001890;
PLZL;D;20250405;000000;1725;1734.4;1675.4;1725;199498;
PLZL;D;20250406;000000;1725;1745;1718.8;1743;95984;
PLZL;D;20250407;000000;1741;1776.2;1665.8;1727.2;1952650;
PLZL;D;20250408;000000;1736;1828;1728.8;1776.8;1983986;
PLZL;D;20250409;000000;1787;1850;1762.2;1818.2;2420151;
PLZL;D;20250410;000000;1830.6;1850;1803;1850;1079612;
PLZL;D;20250411;000000;1864;1910;1863;1899.6;1593186;
PLZL;D;20250412;000000;1904.4;1940;1904;1935.2;220915;
PLZL;D;20250413;000000;1935.2;1942;1908;1924.8;174112;
PLZL;D;20250414;000000;1927.6;1943.4;1883.2;1897.8;1219597;
PLZL;D;20250415;000000;1905.4;1914.6;1883.4;1898;489378;
PLZL;D;20250416;000000;1911;1950;1906.2;1950;1467274;
PLZL;D;20250417;000000;1952;1958;1903;1924.2;1136403;
PLZL;D;20250418;000000;1924.2;1928;1854.2;1917.2;741378;
PLZL;D;20250421;000000;1929.2;1960;1922.4;1958;1668077;
PLZL;D;20250422;000000;1967;2003;1950.8;1954.2;1987813;
PLZL;D;20250423;000000;1947.8;1952;1890;1911;1106013;
PLZL;D;20250424;000000;1914;1943;1887;1904.8;1036591;
PLZL;D;20250425;000000;1856.8;1877;1829.4;1856.8;2155145;
PLZL;D;20250426;000000;1858;1870.8;1849.6;1849.8;113255;
PLZL;D;20250427;000000;1850.2;1859.8;1849.4;1854.6;63011;
PLZL;D;20250428;000000;1850;1854.8;1794.2;1816.6;1466161;
PLZL;D;20250429;000000;1810;1812.6;1756.4;1761.8;1001745;
PLZL;D;20250430;000000;1763.8;1765;1707.2;1751.4;1090417;
PLZL;D;20250502;000000;1751.6;1784;1700.8;1701.8;866698;
PLZL;D;20250503;000000;1705.2;1734.6;1703;1719.4;108676;
PLZL;D;20250504;000000;1724;1727.8;1717.2;1722.4;66571;
PLZL;D;20250505;000000;1722;1756.6;1703.8;1744.6;885057;
PLZL;D;20250506;000000;1753;1809.8;1750.2;1804.2;1050770;
PLZL;D;20250507;000000;1794.6;1803.8;1751;1763.4;1031156;
PLZL;D;20250508;000000;1772.8;1778;1738;1748.8;401772;
PLZL;D;20250510;000000;1749.8;1755;1743;1745.4;58202;
PLZL;D;20250511;000000;1747;1754.8;1742.2;1750;79140;
PLZL;D;20250512;000000;1745.2;1763.8;1702.2;1736.6;1354881;
PLZL;D;20250513;000000;1739;1776.6;1731;1759.8;746042;
PLZL;D;20250514;000000;1755;1757.6;1710.4;1712;778536;
PLZL;D;20250515;000000;1708;1710;1667.2;1684.6;1044502;
PLZL;D;20250516;000000;1682.8;1699;1652.2;1663.4;1045054;
PLZL;D;20250517;000000;1666.8;1679.2;1665;1676.2;56214;
PLZL;D;20250518;000000;1684;1685.4;1676.2;1680.6;58729;
PLZL;D;20250519;000000;1680.6;1683.4;1651;1655.6;642903;
PLZL;D;20250520;000000;1655.6;1715.6;1625.8;1705;1550339;
PLZL;D;20250521;000000;1706.2;1729.8;1688.4;1706;969577;
PLZL;D;20250522;000000;1710.2;1718.6;1649.4;1669.8;1057410;
PLZL;D;20250523;000000;1672;1724.2;1660.4;1719.4;972604;
PLZL;D;20250526;000000;1719.8;1738.6;1650.6;1663;884351;
PLZL;D;20250527;000000;1663;1665;1617;1653.6;669942;
PLZL;D;20250528;000000;1653.2;1692;1644.8;1688.8;648049;
PLZL;D;20250529;000000;1690;1700;1673.2;1680.8;513224;
PLZL;D;20250530;000000;1680.8;1695.6;1668.2;1687;425422;
PLZL;D;20250531;000000;1686;1689;1682.4;1688.2;15907;
PLZL;D;20250601;000000;1686.4;1692;1645;1649.6;118390;
PLZL;D;20250602;000000;1653;1735;1650;1729.8;1160112;
PLZL;D;20250603;000000;1727.2;1754.4;1724.4;1739;764795;
PLZL;D;20250604;000000;1742.8;1787.8;1728.8;1761.8;806581;
PLZL;D;20250605;000000;1762.2;1833.8;1762.2;1823.8;1181498;
PLZL;D;20250606;000000;1824.2;1845.8;1731.6;1746.2;1543959;
PLZL;D;20250607;000000;1755;1766.4;1743;1746.8;53925;
PLZL;D;20250608;000000;1757;1758.2;1740.4;1744.8;23355;
PLZL;D;20250609;000000;1742.4;1754.6;1690.6;1711.8;848603;
PLZL;D;20250610;000000;1715;1737.2;1685.4;1722.4;567235;
PLZL;D;20250611;000000;1734.4;1759.8;1711.8;1734;490279;
PLZL;D;20250613;000000;1757.6;1787.4;1743.2;1764.4;643572;
PLZL;D;20250614;000000;1770;1773;1753.2;1765.4;42898;
PLZL;D;20250615;000000;1765;1774;1748.2;1762.6;93259;
PLZL;D;20250616;000000;1762.6;1773.8;1701.8;1757;819135;
PLZL;D;20250617;000000;1757;1768;1725;1744.4;601082;
PLZL;D;20250618;000000;1745;1755;1725;1732.8;384737;
PLZL;D;20250619;000000;1733;1740;1703;1733;832371;
PLZL;D;20250620;000000;1730.2;1738;1710.2;1715.4;315530;
PLZL;D;20250623;000000;1729.4;1729.4;1701;1701.8;548951;
PLZL;D;20250624;000000;1701.8;1719.4;1669;1717.8;681203;
PLZL;D;20250625;000000;1719.4;1761;1710.4;1755.6;771204;
PLZL;D;20250626;000000;1759;1799.2;1751.2;1790;842620;
PLZL;D;20250627;000000;1768;1799;1756;1797.2;983474;
PLZL;D;20250628;000000;1790.4;1812.4;1784.8;1796.2;60592;
PLZL;D;20250629;000000;1796.2;1798.4;1784;1784.8;46440;
PLZL;D;20250630;000000;1784.8;1831;1778;1817.4;700880;
PLZL;D;20250701;000000;1819.2;1894.4;1813.2;1865;1553841;
PLZL;D;20250702;000000;1865.2;1889;1829.4;1867;971596;
PLZL;D;20250703;000000;1858.4;1880;1839.4;1851.6;598365;
PLZL;D;20250704;000000;1855.8;1916.8;1848;1908;1415565;
PLZL;D;20250705;000000;1908;1911.4;1901.2;1905;32161;
PLZL;D;20250706;000000;1904.4;1906.8;1900.4;1903.6;24395;
PLZL;D;20250707;000000;1897.8;1899.6;1866.2;1882;723182;
PLZL;D;20250708;000000;1880.2;1888.6;1841;1845.2;760412;
PLZL;D;20250709;000000;1840.2;1851.4;1802.4;1828.4;941250;
PLZL;D;20250710;000000;1830;1877.2;1822.8;1860.8;583113;
PLZL;D;20250711;000000;1863;1867;1777;1790;1270948;
PLZL;D;20250712;000000;1797.8;1798.8;1782.6;1784.2;28707;
PLZL;D;20250713;000000;1785;1787;1771;1780;26694;
PLZL;D;20250714;000000;1787;1838.4;1750.2;1837.6;1108760;
PLZL;D;20250715;000000;1839.6;1888;1835.8;1862;720223;
PLZL;D;20250716;000000;1862;1900.8;1841;1884.4;777626;
PLZL;D;20250717;000000;1884.2;1900;1872.2;1891;413572;
PLZL;D;20250718;000000;1897.6;1948.2;1854;1873;1653670;
PLZL;D;20250719;000000;1880.2;1889.4;1870.4;1877.4;68083;
PLZL;D;20250720;000000;1885;1888.8;1870;1877.8;46965;
PLZL;D;20250721;000000;1877.8;1955;1875;1943.2;1233070;
PLZL;D;20250722;000000;1945;1973.6;1925.6;1970;890945;
PLZL;D;20250723;000000;1964;1991.6;1960.6;1968.8;885103;
PLZL;D;20250724;000000;1961;1983.2;1951.4;1973;637158;
PLZL;D;20250725;000000;1970;1978;1907.4;1914.6;877967;
PLZL;D;20250726;000000;1919;1939.2;1915.4;1926.6;68467;
PLZL;D;20250727;000000;1926.6;1929.6;1916.2;1917.4;30244;
PLZL;D;20250728;000000;1926.6;1956.4;1903;1931;734370;
PLZL;D;20250729;000000;1936.8;2011;1929;1987;1748124;
PLZL;D;20250730;000000;1994.6;2007;1930;1930.8;1031622;
PLZL;D;20250731;000000;1938.2;1980;1934;1967.2;674120;
PLZL;D;20250801;000000;1968;1985;1943;1966.4;655782;
PLZL;D;20250804;000000;1966.6;2035;1958.2;2031.6;1501318;
PLZL;D;20250805;000000;2035;2063.8;2016;2048;1353203;
PLZL;D;20250806;000000;2048;2071.2;2022.6;2053.8;1300222;
PLZL;D;20250807;000000;2053;2085;2044;2079.4;1057172;
PLZL;D;20250808;000000;2084.6;2147;2073.8;2145;1329087;
PLZL;D;20250811;000000;2150;2248.2;2090;2108.4;2017274;
PLZL;D;20250812;000000;2116.4;2129.8;2045.2;2077;1626956;
PLZL;D;20250813;000000;2083;2120;2080.4;2097.4;1011014;
PLZL;D;20250814;000000;2108;2127.6;2080;2108;763137;
PLZL;D;20250815;000000;2109;2132;2105.6;2116.2;652310;
PLZL;D;20250816;000000;2104;2107;2068.2;2094.4;157665;
PLZL;D;20250817;000000;2095;2098.8;2075.2;2081.2;48288;
PLZL;D;20250818;000000;2081.4;2124.4;2081.2;2115.6;582978;
PLZL;D;20250819;000000;2119;2166;2116.6;2137.8;1413371;
PLZL;D;20250820;000000;2136.4;2163.6;2126;2146.8;739155;
PLZL;D;20250821;000000;2150.8;2181.8;2135.6;2147.4;765327;
PLZL;D;20250822;000000;2149.2;2203.2;2144.8;2194;1015960;
PLZL;D;20250823;000000;2195;2215;2194.6;2211;130758;
PLZL;D;20250824;000000;2215;2224;2206.8;2214.2;131843;
PLZL;D;20250825;000000;2215.8;2233.2;2187;2198;946946;
PLZL;D;20250826;000000;2205.4;2213.4;2176.2;2209.6;579277;
PLZL;D;20250827;000000;2209.6;2219.4;2124.2;2143.8;2032383;
PLZL;D;20250828;000000;2147;2170;2125.2;2165;868249;
PLZL;D;20250829;000000;2165.6;2166.6;2100;2138.2;948352;
PLZL;D;20250830;000000;2138.2;2145.4;2123.2;2130.8;57126;
PLZL;D;20250831;000000;2130.2;2136.6;2125;2135.8;34213;
PLZL;D;20250901;000000;2145.8;2190;2141;2182.4;862908;
PLZL;D;20250902;000000;2189.8;2228;2166.2;2223.8;1272222;
PLZL;D;20250903;000000;2225;2238.2;2204;2232.2;1272642;
PLZL;D;20250904;000000;2222.8;2232.8;2205.2;2219.4;780574;
PLZL;D;20250905;000000;2222;2240;2215.8;2235.6;1133356;
PLZL;D;20250906;000000;2238.4;2240;2231;2234.4;72888;
PLZL;D;20250907;000000;2237;2239.8;2232;2238.2;35625;
PLZL;D;20250908;000000;2239.8;2290;2231.4;2280.8;1564778;
PLZL;D;20250909;000000;2283;2348.8;2281.4;2327.4;2120509;
PLZL;D;20250910;000000;2330;2344;2311.8;2336.4;1017278;
PLZL;D;20250911;000000;2331;2334.6;2310.8;2328.4;1121323;
PLZL;D;20250912;000000;2334.8;2367.2;2286.4;2312.8;1769818;
PLZL;D;20250913;000000;2318.4;2324;2298;2308.4;53277;
PLZL;D;20250914;000000;2310.4;2322;2305.8;2315.2;56296;
PLZL;D;20250915;000000;2318;2345;2267;2345;1374679;
PLZL;D;20250916;000000;2345.2;2360;2323.2;2340.2;1182802;
PLZL;D;20250917;000000;2341;2355;2295.8;2309.6;1114728;
PLZL;D;20250918;000000;2312.6;2320;2281.6;2296;1218287;
PLZL;D;20250919;000000;2299.8;2310;2285.2;2293.6;643453;
PLZL;D;20250922;000000;2297.2;2340;2277;2328.6;1555340;
PLZL;D;20250923;000000;2330.2;2365;2306;2322.8;1311353;
PLZL;D;20250924;000000;2324;2334.6;2301.2;2309;832000;
PLZL;D;20250925;000000;2310;2336.4;2303.6;2313;573583;
PLZL;D;20250926;000000;2312;2325.8;2306;2320.2;470530;
PLZL;D;20250927;000000;2326.8;2329;2320.4;2325.2;27629;
PLZL;D;20250928;000000;2325.2;2331.6;2324;2328.4;30787;
PLZL;D;20250929;000000;2333.2;2407.6;2333;2386.6;1627919;
PLZL;D;20250930;000000;2406;2439;2340;2362.4;1655898;
PLZL;D;20251001;000000;2367.2;2405;2344.2;2368.2;1093602;
PLZL;D;20251002;000000;2367.8;2378.8;2286.4;2317.2;1146621;
PLZL;D;20251003;000000;2324.4;2337;2295;2321.8;728141;
PLZL;D;20251004;000000;2315.2;2329.8;2300;2309.8;92679;
PLZL;D;20251005;000000;2309.8;2335.2;2305.4;2332;71502;
PLZL;D;20251006;000000;2346.6;2382;2340;2377.4;1100491;
PLZL;D;20251007;000000;2382.8;2396;2363.8;2386;748461;
PLZL;D;20251008;000000;2396.2;2411;2308.2;2352;1829145;
PLZL;D;20251009;000000;2355;2377.4;2300;2323;1422156;
PLZL;D;20251010;000000;2322.8;2322.8;2235.6;2292.4;1598062;
PLZL;D;20251013;000000;2270;2282.6;2205.8;2223.6;1485441;
PLZL;D;20251014;000000;2231;2255.2;2081.6;2128.2;2896459;
PLZL;D;20251015;000000;2138.8;2232.6;2094;2212.8;2573195;
PLZL;D;20251016;000000;2219;2340;2180;2340;3049477;
PLZL;D;20251017;000000;2359.6;2383.6;2185;2196.2;3352109;
PLZL;D;20251018;000000;2196.2;2224;2193.8;2213.4;287850;
PLZL;D;20251019;000000;2214;2216.8;2180;2193.6;215133;
PLZL;D;20251020;000000;2202.6;2208;2122.8;2186;2905009;
PLZL;D;20251021;000000;2186;2188.6;2039;2058.2;3167899;
PLZL;D;20251022;000000;2061.6;2095;2023;2043.8;1935726;
PLZL;D;20251023;000000;2035;2072;1990;2037.2;2000945;
PLZL;D;20251024;000000;2041;2094;2035;2043.2;1791487;
PLZL;D;20251027;000000;2041.6;2041.6;1951.2;1971;1384345;
PLZL;D;20251028;000000;1970.8;2006.8;1956;1980.6;1022083;
PLZL;D;20251029;000000;1980.6;2072;1980;2045.8;1898307;
PLZL;D;20251030;000000;2039.8;2097;2039.4;2094.6;980458;
PLZL;D;20251031;000000;2093;2119.8;2041;2052.8;1068246;
PLZL;D;20251101;000000;2059.4;2073;2050.8;2062;242073;
PLZL;D;20251103;000000;2068.6;2107;2063.2;2098.8;350233;
PLZL;D;20251105;000000;2094;2122.6;2055.2;2087;1001688;
PLZL;D;20251106;000000;2088;2098;2070.2;2072.8;373095;
PLZL;D;20251107;000000;2075;2100;2072.8;2084.8;442878;
PLZL;D;20251108;000000;2086;2092.6;2077;2083.2;25487;
PLZL;D;20251109;000000;2084.8;2089;2082.6;2087.2;19695;
PLZL;D;20251110;000000;2098;2148.2;2096;2148;1041708;
PLZL;D;20251111;000000;2154;2179.8;2142.2;2153.8;705262;
PLZL;D;20251112;000000;2151.2;2165.2;2119;2153.6;625548;
PLZL;D;20251113;000000;2159.8;2205;2155.8;2167.8;1182577;
PLZL;D;20251114;000000;2178.2;2189;2113.4;2150.2;941345;
PLZL;D;20251115;000000;2150.2;2156.8;2144.6;2151;19784;
PLZL;D;20251116;000000;2155;2159.8;2143;2158.6;24939;
PLZL;D;20251117;000000;2159;2164.6;2090;2095;846923;
PLZL;D;20251118;000000;2087.8;2150;2066.2;2130.2;992984;
PLZL;D;20251119;000000;2130;2189;2119.4;2145;1181890;
PLZL;D;20251120;000000;2149.2;2185;2131.2;2170.2;1020879;
PLZL;D;20251121;000000;2173.2;2177;2140;2161;683036;
PLZL;D;20251124;000000;2161.4;2182.6;2112;2140;757036;
PLZL;D;20251125;000000;2140.4;2149.8;2120.6;2133.6;560529;
PLZL;D;20251126;000000;2143.2;2145.2;2110.2;2136.6;422093;
PLZL;D;20251127;000000;2132.2;2138;2111;2111.2;349735;
PLZL;D;20251128;000000;2116.8;2149;2112;2140.4;652099;
PLZL;D;20251129;000000;2145.4;2147.6;2135;2139.8;33489;
PLZL;D;20251130;000000;2140.4;2152.6;2136.6;2147.6;48465;
PLZL;D;20251201;000000;2151;2163;2116.2;2144.8;512189;
PLZL;D;20251202;000000;2146.8;2151;2121.4;2135;374811;
PLZL;D;20251203;000000;2129;2143;2110.4;2128;428591;
PLZL;D;20251204;000000;2130.8;2152;2119.4;2136.8;581299;
PLZL;D;20251205;000000;2136;2192;2136;2168.6;860532;
PLZL;D;20251208;000000;2168.6;2190;2133;2138;822420;
PLZL;D;20251209;000000;2145;2179.4;2126.6;2168;501927;
PLZL;D;20251210;000000;2170;2185;2166.8;2183.8;307765;
PLZL;D;20251211;000000;2188.6;2268;2181;2255.6;1203671;
PLZL;D;20251212;000000;2259;2301.4;2222;2241.8;1484987;
PLZL;D;20251213;000000;2247.2;2258;2242.2;2254.8;61327;
PLZL;D;20251214;000000;2254.8;2259.2;2246.2;2252.8;68514;
PLZL;D;20251215;000000;2263.8;2295;2257.4;2294.2;902362;
PLZL;D;20251216;000000;2294.2;2314.2;2280.2;2312.4;815352;
PLZL;D;20251217;000000;2313.2;2315.8;2283.6;2310.2;648855;
PLZL;D;20251218;000000;2309.6;2326;2281;2294.4;1075269;
PLZL;D;20251219;000000;2294.4;2315;2281.6;2304.8;872779;
PLZL;D;20251222;000000;2294;2344.2;2266;2286.8;1655240;
PLZL;D;20251223;000000;2292.2;2346.4;2288;2328;1260862;
PLZL;D;20251224;000000;2330;2332;2305;2325.2;434717;
PLZL;D;20251225;000000;2326.2;2333.6;2307.4;2324.6;362715;
PLZL;D;20251226;000000;2328.6;2379;2324;2373.4;786780;
PLZL;D;20251227;000000;2376.6;2425.8;2376.4;2417.4;240874;
PLZL;D;20251228;000000;2417.4;2445;2417.4;2445;250512;
PLZL;D;20251229;000000;2452;2464;2346;2372;1554392;
PLZL;D;20251230;000000;2377;2408;2370;2398.4;708641;
PLZL;D;20260105;000000;2417.2;2443;2412;2438.8;435274;
PLZL;D;20260106;000000;2442;2457.8;2430.4;2442;334540;
PLZL;D;20260108;000000;2431.8;2439.8;2390.2;2408;406160;
PLZL;D;20260109;000000;2410;2428.6;2396;2416.4;278263;
PLZL;D;20260112;000000;2432;2580;2430;2547;2590494;
PLZL;D;20260113;000000;2548;2607.4;2527.2;2580;2377723;
PLZL;D;20260114;000000;2598.8;2629;2544.2;2593.2;1451136;
PLZL;D;20260115;000000;2565.8;2578;2539.2;2568.4;644303;
