<TICKER>;<PER>;<DATE>;<TIME>;<OPEN>;<HIGH>;<LOW>;<CLOSE>;<AMOUNT>;<VOLUME>
POGR;D;20200625;000000;26.3;34.1;26.155;28.49;14278000;399770598.5
POGR;D;20200626;000000;28.995;29.9;26.885;27.4;8378500;235362468
POGR;D;20200629;000000;27.455;28.48;27.15;27.49;19998900;553145215
POGR;D;20200630;000000;27.9;27.995;22.9;22.96;75699300;1862794520.5
POGR;D;20200702;000000;23.505;24.6;23.33;23.695;14672900;350524211.5
POGR;D;20200703;000000;23.695;23.85;23.415;23.5;5324700;125356850
POGR;D;20200706;000000;23.53;23.785;22.77;22.8;11641800;269769128.5
POGR;D;20200707;000000;22.81;23.515;22.81;23;6898900;159771340.5
POGR;D;20200708;000000;23.46;23.495;22.68;23.29;8606300;198125703
POGR;D;20200709;000000;23.3;24.1;22.905;24.1;8598500;201917665.5
POGR;D;20200710;000000;24.24;26.035;24.1;25.66;20191100;509337709.5
POGR;D;20200713;000000;26.105;27.19;26.01;26.88;15329500;409642325.5
POGR;D;20200714;000000;26.98;26.98;25.715;26.25;8745200;228410630.5
POGR;D;20200715;000000;26.255;26.8;26;26.5;7913000;209743058
POGR;D;20200716;000000;26.5;26.63;25.985;26.07;8521700;223751462
POGR;D;20200717;000000;26.135;26.66;25.81;26.15;9388700;245668382
POGR;D;20200720;000000;26.295;26.85;26.01;26.82;5126400;136174147
POGR;D;20200721;000000;26.93;27.25;26.615;26.76;7720700;208670412.5
POGR;D;20200722;000000;26.955;29.22;26.75;29.22;20070300;560239257
POGR;D;20200723;000000;29.68;36;29.52;36;84375500;2788712490
POGR;D;20200724;000000;37.2;40;34.765;38;117325500;4347080351
POGR;D;20200727;000000;39.4;39.9;37;37;57421100;2229010808.5
POGR;D;20200728;000000;37;39.105;35.025;39;42660800;1576299520
POGR;D;20200729;000000;38.745;40.4;38;40.11;32125600;1261197424.5
POGR;D;20200730;000000;40.14;41.175;38.735;38.805;21287700;853328665
POGR;D;20200731;000000;39.995;40.495;37.755;38.7;14331200;557083866.5
POGR;D;20200803;000000;39;39.5;37;37.28;9707300;368594445.5
POGR;D;20200804;000000;37.285;37.89;35;36.585;18007300;647569493.5
POGR;D;20200805;000000;37.8;38.695;35.92;35.92;22509500;829180717.5
POGR;D;20200806;000000;35.92;36.2;34.04;34.65;17424700;612076627
POGR;D;20200807;000000;34.65;35;33.505;34.265;13492000;458955599.5
POGR;D;20200810;000000;34.5;35.31;30.6;32.805;39889900;1312701017.5
POGR;D;20200811;000000;32.6;32.79;29.75;30.205;36913800;1140237374.5
POGR;D;20200812;000000;29.85;32;29;31.7;48340700;1492971720
POGR;D;20200813;000000;32;32;31.005;31.285;19948400;624604809
POGR;D;20200814;000000;31.11;31.31;30.375;31;13412000;415635322.5
POGR;D;20200817;000000;31.2;33.55;31.005;33.54;51384000;1667917368.5
POGR;D;20200818;000000;34.205;34.72;32.505;32.9;31101000;1044096632
POGR;D;20200819;000000;32.51;33.045;32.055;32.155;20061500;650037306.5
POGR;D;20200820;000000;32;32.2;31.5;32.19;12402500;394574062
POGR;D;20200821;000000;32.22;32.4;30.215;31.1;17501000;543793336.5
POGR;D;20200824;000000;31.205;32.66;30.4;31.285;32688100;1030378124
POGR;D;20200825;000000;31.495;32.4;31.185;31.91;12908500;408716755.5
POGR;D;20200826;000000;32.2;34.575;31.9;34.18;32063700;1069513986
POGR;D;20200827;000000;34.25;35.205;33.71;34;26510000;910883778
POGR;D;20200828;000000;34.2;37;34.05;36.95;41390000;1473654872
POGR;D;20200831;000000;37.055;37.98;35.695;36.255;22939100;847270914
POGR;D;20200901;000000;36.95;37.89;36.675;36.8;14230700;528983512.5
POGR;D;20200902;000000;36.805;36.895;35.01;35.415;26161400;936162948.5
POGR;D;20200903;000000;35.38;36.425;34.25;35.1;23909700;850008547.5
POGR;D;20200904;000000;35.1;35.94;34.59;35;13312500;471685589
POGR;D;20200907;000000;35;35.985;34.985;35.945;9308800;331446910.5
POGR;D;20200908;000000;36;36;34.5;35.105;12513100;438997877.5
POGR;D;20200909;000000;35.1;35.49;34.25;35.285;6382300;222068759
POGR;D;20200910;000000;35.32;36.09;34.92;35.525;14058200;497690310
POGR;D;20200911;000000;35.135;35.85;34.965;35.57;6394700;226760356.5
POGR;D;20200914;000000;35.555;37.495;35.555;36.8;23549000;867831295.5
POGR;D;20200915;000000;37.01;37.9;37;37.345;14786600;555395687
POGR;D;20200916;000000;37.7;37.98;37.27;37.62;10196700;383535065
POGR;D;20200917;000000;37.055;37.9;36.65;37.9;16075100;597548927
POGR;D;20200918;000000;37.68;37.68;36.02;36.02;14297500;527181500.5
POGR;D;20200921;000000;36.27;36.365;33.195;34.265;21705000;749609694
POGR;D;20200922;000000;34;34.495;33.47;33.815;10334600;350155524
POGR;D;20200923;000000;33.5;34;32.86;33.325;9764300;325068329.5
POGR;D;20200924;000000;33.045;34.23;32.51;33.79;14942300;495147481
POGR;D;20200925;000000;34;34.045;33.08;33.165;5682100;190204917.5
POGR;D;20200928;000000;33.205;34.965;33.205;34.68;16520800;567238132
POGR;D;20200929;000000;34.8;34.87;33.5;34.45;12990100;442385705
POGR;D;20200930;000000;34.155;34.155;33.17;33.6;13116400;440762374.5
POGR;D;20201001;000000;33.8;34.365;33.2;33.85;13978100;471737552
POGR;D;20201002;000000;33.98;34.225;33.635;33.815;5526600;187618280
POGR;D;20201005;000000;33.695;33.96;33.34;33.815;6297600;211807510.5
POGR;D;20201006;000000;33.9;33.9;33.01;33.11;4920100;164724775
POGR;D;20201007;000000;33.455;33.455;32.9;33.05;4488400;148719571
POGR;D;20201008;000000;33.06;33.275;32.72;32.9;5282100;173887830.5
POGR;D;20201009;000000;32.55;32.575;31.21;31.93;22760000;725800666
POGR;D;20201012;000000;31.76;31.995;30.905;31.19;12863600;401110782.5
POGR;D;20201013;000000;30.905;31.03;30;30.305;13100900;397343158
POGR;D;20201014;000000;30.465;31.4;29.875;31.125;12962800;400365048
POGR;D;20201015;000000;31.125;31.295;29.8;30.07;12086800;363986167.5
POGR;D;20201016;000000;29.95;30.45;29.2;29.925;5449100;163535276
POGR;D;20201019;000000;30.01;30.37;29.65;29.96;4367900;131104708
POGR;D;20201020;000000;30;30.495;29.8;30.25;4584700;138092988
POGR;D;20201021;000000;30.495;30.615;29.5;29.76;7809800;232959439.5
POGR;D;20201022;000000;29.65;29.675;27.7;28.33;27541000;783454101
POGR;D;20201023;000000;28.3;28.69;27.795;28.01;8221300;231867036
POGR;D;20201026;000000;27.8;28.425;26.655;27.105;12261400;335465711.5
POGR;D;20201027;000000;27.15;27.8;25.9;27.375;16180200;434860139.5
POGR;D;20201028;000000;27.37;27.55;26.35;27.015;8181800;219448110.5
POGR;D;20201029;000000;27.21;28.56;26.755;28.155;11694700;322254558
POGR;D;20201030;000000;28.25;28.685;27.06;27.41;13969200;388024131
POGR;D;20201102;000000;27.105;27.61;26.86;27.56;5731500;156533949.5
POGR;D;20201103;000000;27.45;27.895;27.295;27.515;4055700;111766235.5
POGR;D;20201105;000000;27.7;28.515;27.61;28.415;7194100;203171593
POGR;D;20201106;000000;28.445;29.375;28.27;29.255;8915900;258974489.5
POGR;D;20201109;000000;29.85;29.85;27.75;28.6;19354100;555659156.5
POGR;D;20201110;000000;28.58;28.92;27.905;28.265;7758400;219624731
POGR;D;20201111;000000;28.4;28.83;28;28.43;7121500;200777785.5
POGR;D;20201112;000000;28.43;28.99;28.2;28.595;8586500;244537938
POGR;D;20201113;000000;28.595;28.745;27.8;28.41;6493100;183337982
POGR;D;20201116;000000;28.63;28.98;28.02;28.695;8875100;253846789.5
POGR;D;20201117;000000;28.7;28.795;28.05;28.365;4293200;121723237
POGR;D;20201118;000000;28.35;28.57;28.205;28.33;2763600;78599138
POGR;D;20201119;000000;28.205;28.6;27.61;28.01;6255800;175756454
POGR;D;20201120;000000;28.04;28.2;27.495;27.62;5152700;143124800
POGR;D;20201123;000000;27.69;27.7;26.73;27.08;13681600;370261686
POGR;D;20201124;000000;27.04;27.125;26.5;26.8;7847300;209671899
POGR;D;20201125;000000;26.89;27.15;26.565;27.12;5040900;134668717.5
POGR;D;20201126;000000;27;28.145;26.865;27.93;9387400;260867036
POGR;D;20201127;000000;27.865;28.07;27.15;27.535;4973300;137498136.5
POGR;D;20201130;000000;27.345;28.05;26.78;27.505;10385600;285570904.5
POGR;D;20201201;000000;27.605;31.455;27.605;30.1;33775500;1004963265
POGR;D;20201202;000000;30.1;31.3;29.205;30.635;15495900;468108043
POGR;D;20201203;000000;30.805;31.29;30.595;30.86;6810500;211393242
POGR;D;20201204;000000;31.075;31.175;30.36;30.645;7847500;241201669.5
POGR;D;20201207;000000;30.9;31.01;29.88;30.335;7597000;229914160
POGR;D;20201208;000000;30.5;30.7;30.04;30.3;3862800;117050596
POGR;D;20201209;000000;30.18;30.665;29.78;29.95;6146200;185719884.5
POGR;D;20201210;000000;30.245;30.245;29.35;29.72;2924900;87379107.5
POGR;D;20201211;000000;29.885;29.885;29.035;29.29;4901800;143778884.5
POGR;D;20201214;000000;29.39;30.495;28.72;29.745;7405000;220166204
POGR;D;20201215;000000;29.795;31.11;29.755;30.975;7346500;225532078.5
POGR;D;20201216;000000;31.18;31.39;30.515;31;5323600;165276535.5
POGR;D;20201217;000000;31.17;32.5;30.885;32.24;13106400;418633034
POGR;D;20201218;000000;32.45;32.45;31.5;31.8;6145400;196622795
POGR;D;20201221;000000;32.5;32.99;30.94;31.68;13547600;432393231
POGR;D;20201222;000000;31.38;31.75;30.89;31.29;4252600;133526195.5
POGR;D;20201223;000000;31.35;31.57;31.01;31.295;3129400;98066337
POGR;D;20201224;000000;31.39;31.5;31.14;31.14;2027000;63519627.5
POGR;D;20201225;000000;30.76;31.065;30.155;30.89;4945400;151709547
POGR;D;20201228;000000;31.005;31.385;30.555;30.72;6697500;206928645.5
POGR;D;20201229;000000;30.7;31.495;30.635;31.24;4353600;136108514
POGR;D;20201230;000000;31.33;31.5;30.8;31.15;3807900;118446345.5
POGR;D;20210104;000000;31.765;32.61;31.765;32.495;4918300;158856170.5
POGR;D;20210105;000000;32.46;33.63;32.03;33.425;9640200;319364535.5
POGR;D;20210106;000000;33.49;34.15;33.06;33.44;10318500;347278933.5
POGR;D;20210108;000000;33.55;33.75;32.005;32.54;8846000;290966298.5
POGR;D;20210111;000000;32.5;32.96;31.57;31.98;11912300;382994965.5
POGR;D;20210112;000000;32.14;32.265;31.41;31.82;7133600;225980139.5
POGR;D;20210113;000000;31.75;31.96;31.23;31.745;3381700;107199792.5
POGR;D;20210114;000000;31.645;32.24;31.385;31.835;3245500;102859439.5
POGR;D;20210115;000000;31.515;31.93;31.35;31.45;2942700;92895312.5
POGR;D;20210118;000000;31.545;31.75;31.315;31.59;2723500;85874313
POGR;D;20210119;000000;31.51;31.89;31.365;31.675;3813300;120496787
POGR;D;20210120;000000;31.7;32.73;31.55;32.4;10441300;337859284.5
POGR;D;20210121;000000;32.45;32.53;31.6;32.305;6593100;211950140.5
POGR;D;20210122;000000;32.22;32.315;31.72;31.995;3441000;110197408.5
POGR;D;20210125;000000;31.96;32.25;31.705;32.15;4339000;138732248.5
POGR;D;20210126;000000;32.02;32.33;31.3;31.635;6118800;193493153
POGR;D;20210127;000000;31.56;31.695;30.92;30.99;7261200;226059140.5
POGR;D;20210128;000000;30.99;30.99;30.25;30.495;5614900;171362364.5
POGR;D;20210129;000000;30.495;30.495;29.6;29.92;8047400;241284379
POGR;D;20210201;000000;30.1;30.9;30.005;30.57;7376400;224905486
POGR;D;20210202;000000;30.55;30.7;29.75;30;7962200;238650412
POGR;D;20210203;000000;30;30.15;29.505;29.75;4591700;136590434
POGR;D;20210204;000000;29.655;29.685;28.915;29.19;8341700;243288032.5
POGR;D;20210205;000000;29.2;29.2;28.84;29.03;7019100;203557407.5
POGR;D;20210208;000000;29.01;29.265;28.695;29.005;10852700;313785321
POGR;D;20210209;000000;28.92;29.09;28.55;28.675;7536700;216948675.5
POGR;D;20210210;000000;28.7;29.82;28.64;29.395;11342000;333592054.5
POGR;D;20210211;000000;29.595;29.775;28.805;28.97;5847800;171101923
POGR;D;20210212;000000;29.005;29.14;28.53;28.85;7288900;209034138.5
POGR;D;20210215;000000;28.8;29.15;28.705;29.12;3628100;105012721.5
POGR;D;20210216;000000;29.1;29.34;28.7;28.93;5132500;148642002.5
POGR;D;20210217;000000;28.86;28.995;27.95;28.38;9140800;259950505
POGR;D;20210218;000000;28.3;28.345;27.615;28.08;5931600;166101893
POGR;D;20210219;000000;27.935;28.65;27.795;28.415;5753600;161816101
POGR;D;20210220;000000;28.7;28.7;27.915;28.685;1539200;43792084
POGR;D;20210222;000000;28.705;28.9;28.33;28.78;2917900;83565214
POGR;D;20210224;000000;28.65;29.25;28.495;28.99;8208800;237666925
POGR;D;20210225;000000;29.05;29.085;28.5;28.705;5846900;168363236.5
POGR;D;20210226;000000;28.6;29.09;28.205;28.65;6917300;198896136
POGR;D;20210301;000000;28.875;28.9;27.555;27.93;8083300;226992209
POGR;D;20210302;000000;28;28.2;27.535;28.055;6673200;185392616
POGR;D;20210303;000000;28.1;28.265;27.605;27.755;5875200;163872613.5
POGR;D;20210304;000000;27.9;28.225;27.415;27.61;4245700;118025851.5
POGR;D;20210305;000000;27.75;28.175;27.665;27.935;3687000;102933379
POGR;D;20210309;000000;27.92;28.18;27.13;28.12;7647600;211032423.5
POGR;D;20210310;000000;27.8;28.02;27.42;27.65;5182900;142975078
POGR;D;20210311;000000;27.55;28.23;27.36;27.655;7523400;208571021
POGR;D;20210312;000000;27.555;27.575;27.12;27.27;5896400;160630460
POGR;D;20210315;000000;27.255;27.365;27.115;27.22;6866000;186733199.5
POGR;D;20210316;000000;27.3;27.32;27.055;27.195;4354200;118439138.5
POGR;D;20210317;000000;27.21;27.5;27.08;27.36;5561500;151477790.5
POGR;D;20210318;000000;27.335;27.58;26.81;27.07;8883400;240586853
POGR;D;20210319;000000;27.13;27.235;26.905;27.09;2727600;73837984.5
POGR;D;20210322;000000;27.08;27.29;26.81;26.97;3809200;102807684
POGR;D;20210323;000000;26.985;27.02;26.45;26.58;5089400;135865483
POGR;D;20210324;000000;26.605;26.76;26.21;26.39;5621200;148312393.5
POGR;D;20210325;000000;26.405;26.45;25.64;25.805;6117700;158782383.5
POGR;D;20210326;000000;25.985;26.415;25.41;26.155;8422500;218618404
POGR;D;20210329;000000;26.165;26.7;25.975;26.36;6854000;180885373
POGR;D;20210330;000000;26.365;26.365;25.56;25.69;6825800;176821925.5
POGR;D;20210331;000000;25.8;26.23;25.2;26.1;15775000;402137479
POGR;D;20210401;000000;26.1;26.28;25.9;26.065;8871300;231681150
POGR;D;20210402;000000;26.245;26.83;26.05;26.68;4776100;126550318.5
POGR;D;20210405;000000;26.685;26.69;26.02;26.25;3301900;86391969.5
POGR;D;20210406;000000;26.24;26.97;26.16;26.885;6515500;173839675
POGR;D;20210407;000000;26.8;27.25;26.705;26.99;5161800;139747274.5
POGR;D;20210408;000000;26.875;27.295;26.86;27.02;4293400;116363220
POGR;D;20210409;000000;27.025;27.1;26.615;26.73;2624100;70464427
POGR;D;20210412;000000;26.8;27.195;26.555;27.05;3089700;83260010
POGR;D;20210413;000000;27.155;27.29;26.64;27.005;3743500;101245952.5
POGR;D;20210414;000000;27.1;27.24;25.91;26.805;4770400;127929858.5
POGR;D;20210415;000000;26.9;27.1;26.325;27.005;9053900;241532217
POGR;D;20210416;000000;27.1;28.05;26.8;27.795;8940300;246528476.5
POGR;D;20210419;000000;27.87;29;27.475;28.81;15787100;452637664.5
POGR;D;20210420;000000;28.62;29.6;28.37;29.12;13131800;384222041.5
POGR;D;20210421;000000;29.3;29.65;29.23;29.58;7671100;225917107.5
POGR;D;20210422;000000;29.45;29.605;28.51;28.815;8169200;238797860.5
POGR;D;20210423;000000;28.815;29.65;28.65;29.405;11379000;333783478
POGR;D;20210426;000000;29.585;29.585;28.605;28.865;5762700;166348238.5
POGR;D;20210427;000000;28.78;28.94;27.85;28.205;5349700;151479807.5
POGR;D;20210428;000000;28.17;28.17;27.52;28.035;4575600;127050623
POGR;D;20210429;000000;28.03;28.355;27.12;27.45;4910300;135378429.5
POGR;D;20210430;000000;27.46;27.62;27.055;27.36;3075300;83707096
POGR;D;20210504;000000;27.75;28.215;27.5;27.965;7003900;194918729
POGR;D;20210505;000000;27.995;28.18;27.505;27.71;5402600;149677355.5
POGR;D;20210506;000000;27.9;28.075;27.425;27.88;7294200;202035098
POGR;D;20210507;000000;27.985;28.3;27.705;28.045;9770500;273713843.5
POGR;D;20210510;000000;28.185;28.865;28.115;28.255;5579900;158896456
POGR;D;20210511;000000;28.225;28.25;27.19;27.6;13113500;360818922
POGR;D;20210512;000000;27.42;27.61;26.92;26.955;8817800;239608491
POGR;D;20210513;000000;27;27.15;26.45;26.83;6437600;172039104
POGR;D;20210514;000000;27.24;27.295;26.73;26.85;3993100;107688460.5
POGR;D;20210517;000000;27.3;27.71;26.85;27.65;9608600;261883547.5
POGR;D;20210518;000000;27.79;28.185;27.36;27.6;12718400;354591865.5
POGR;D;20210519;000000;27.71;27.97;26.615;27.01;14676500;396301362
POGR;D;20210520;000000;26.925;27.1;26.54;27.025;5650400;151257712.5
POGR;D;20210521;000000;27;27;26.4;26.655;8877900;236643333
POGR;D;20210524;000000;26.7;26.87;26.3;26.515;7023600;185794890.5
POGR;D;20210525;000000;26.59;27.22;26.12;27.09;17644700;473867079.5
POGR;D;20210526;000000;27.25;27.82;27;27.275;11518600;316487452
POGR;D;20210527;000000;27.35;27.35;26.61;27.01;8770100;235598287
POGR;D;20210528;000000;26.99;26.995;26.25;26.63;7653500;203580318.5
POGR;D;20210531;000000;26.745;27.41;26.7;27.15;4833200;130762698.5
POGR;D;20210601;000000;27.21;27.53;26.93;27.195;7931300;216243097
POGR;D;20210602;000000;27.3;27.5;26.965;27.4;4364500;118778646.5
POGR;D;20210603;000000;27.44;28.09;26.74;26.985;16405000;451190202.5
POGR;D;20210604;000000;27;27.215;26.5;27.1;6750900;181117326.5
POGR;D;20210607;000000;26.9;26.995;26.575;26.965;6336000;169774385
POGR;D;20210608;000000;26.9;27;26.7;26.825;4468300;119888744.5
POGR;D;20210609;000000;26.805;26.89;26.57;26.765;4057600;108426608
POGR;D;20210610;000000;26.855;26.86;26.205;26.5;12214700;322619794.5
POGR;D;20210611;000000;26.6;26.69;26.375;26.51;5818700;154127534
POGR;D;20210614;000000;26.49;27.365;26.265;26.96;7344100;197394774.5
POGR;D;20210615;000000;27.03;27.03;26.61;26.64;3101800;83053909
POGR;D;20210616;000000;26.7;26.815;26.37;26.42;5058900;134380463.5
POGR;D;20210617;000000;26.42;26.54;25.965;26.285;7464500;195427843.5
POGR;D;20210618;000000;26.29;26.365;25.955;26.18;5119000;133739936
POGR;D;20210621;000000;26.235;26.485;26.15;26.405;3287900;86673744.5
POGR;D;20210622;000000;26.535;26.72;26.3;26.45;4011400;106122769
POGR;D;20210623;000000;26.45;26.49;26.025;26.095;6807500;177814042
POGR;D;20210624;000000;26.095;26.145;25.4;25.62;15814200;405628212.5
POGR;D;20210625;000000;25.745;25.745;25.18;25.525;9277000;235707606.5
POGR;D;20210628;000000;25.6;25.645;25.31;25.47;3906600;99530458.5
POGR;D;20210629;000000;25.47;25.48;24.65;24.8;10599700;264170813
POGR;D;20210630;000000;24.56;25.19;24.315;25.055;8393000;205790483.5
POGR;D;20210701;000000;25.05;25.25;24.6;24.785;5687900;141574330.5
POGR;D;20210702;000000;24.75;25.02;24.5;24.8;4518700;111657095.5
POGR;D;20210705;000000;24.85;24.995;24.58;24.835;3908900;96702997
POGR;D;20210706;000000;24.9;25.045;24.405;24.65;6930000;171093661.5
POGR;D;20210707;000000;24.75;24.795;24.42;24.645;3089200;75906815.5
POGR;D;20210708;000000;24.6;24.695;24.1;24.23;8946800;217000808
POGR;D;20210709;000000;24.23;24.295;23.96;24.125;5379100;129365676.5
POGR;D;20210712;000000;24.125;24.32;23.91;24.22;5278100;127472407
POGR;D;20210713;000000;24.23;24.23;23.8;23.925;6150100;147165936.5
POGR;D;20210714;000000;23.9;24.2;23.715;23.935;7065300;169088114
POGR;D;20210715;000000;24;24.13;23.85;23.96;2936500;70351825
POGR;D;20210716;000000;23.985;23.985;23.27;23.39;6297500;148238263.5
POGR;D;20210719;000000;23.39;23.39;22.4;22.755;12586500;286086645.5
POGR;D;20210720;000000;22.8;22.85;21.9;22.11;12888100;284962886.5
POGR;D;20210721;000000;22.57;22.57;21.765;22.545;7976400;177281385.5
POGR;D;20210722;000000;22.51;23.35;22.19;23.25;8015600;184135741.5
POGR;D;20210723;000000;23.3;23.345;22.6;22.605;4080700;93135039.5
POGR;D;20210726;000000;22.7;23;22.27;22.65;3753000;85050313.5
POGR;D;20210727;000000;22.605;22.8;22.035;22.16;6887600;152998868.5
POGR;D;20210728;000000;22.195;22.4;22.06;22.385;4881000;108516662.5
POGR;D;20210729;000000;22.835;22.835;22.265;22.56;11356900;256067397
POGR;D;20210730;000000;22.5;22.6;22.085;22.3;5995800;133643036
POGR;D;20210802;000000;22.34;22.45;21.86;22.09;7420300;164293789
POGR;D;20210803;000000;22.09;22.245;21.78;22.01;5612600;123325347
POGR;D;20210804;000000;21.91;22.775;21.91;22.38;9858600;220778449
POGR;D;20210805;000000;22.34;22.48;21.925;22.18;6343600;140224949
POGR;D;20210806;000000;22.18;22.18;21.325;21.535;13686400;296145274
POGR;D;20210809;000000;21.5;21.5;20.52;20.715;17219600;358638849.5
POGR;D;20210810;000000;20.785;21.11;20.18;21;14391100;295186757.5
POGR;D;20210811;000000;21;21;20.37;20.585;10317800;212465288.5
POGR;D;20210812;000000;20.575;20.575;20.02;20.155;9098000;184166880.5
POGR;D;20210813;000000;20.2;20.2;19.73;19.795;11483200;227892679.5
POGR;D;20210816;000000;19.825;20.355;19.375;20.31;10552200;209354817
POGR;D;20210817;000000;20.4;20.4;19.8;20.06;6278100;126175768
POGR;D;20210818;000000;20.02;20.38;20.01;20.245;3930200;79387742
POGR;D;20210819;000000;20.195;20.235;19.465;19.575;11254600;221577210
POGR;D;20210820;000000;19.59;19.92;19.54;19.65;4943200;97214887
POGR;D;20210823;000000;19.66;20.24;19.5;20.185;5249600;103659241.5
POGR;D;20210824;000000;20.12;21.4;20.02;21.39;15031800;315033026
POGR;D;20210825;000000;21.45;21.505;20.755;21.03;8246000;173648223.5
POGR;D;20210826;000000;20.9;21.175;20.415;20.96;6886700;143330546.5
POGR;D;20210827;000000;21.005;21.34;20.81;21.21;4746500;100098977
POGR;D;20210830;000000;21.38;21.455;20.535;21.205;4971100;105548114.5
POGR;D;20210831;000000;21.22;21.875;21.105;21.435;10641900;229450176
POGR;D;20210901;000000;21.7;23.405;21.605;23.4;38070300;857533262
POGR;D;20210902;000000;23.44;23.6;22.25;22.77;21048200;478290500
POGR;D;20210903;000000;22.7;22.98;22.05;22.63;9053000;204033249.5
POGR;D;20210906;000000;22.7;22.85;21.965;22.055;8258300;184337904.5
POGR;D;20210907;000000;22.1;22.18;21.255;21.43;10053700;216761696
POGR;D;20210908;000000;21.355;21.55;20.705;20.845;12033700;252807424
POGR;D;20210909;000000;20.845;21.17;20.45;20.995;9833300;204985719.5
POGR;D;20210910;000000;21;21.1;20.65;21;6030300;125839371
POGR;D;20210913;000000;21.19;21.19;20;20.48;22230300;451413885.5
POGR;D;20210914;000000;20.455;20.975;20.125;20.815;9091400;186243620.5
POGR;D;20210915;000000;20.885;20.9;20.2;20.58;6739000;138430765.5
POGR;D;20210916;000000;20.545;20.745;20.025;20.575;9355000;190541453.5
POGR;D;20210917;000000;20.685;21.55;20.475;21;17002700;359326438
POGR;D;20210920;000000;20.94;22.325;20.785;22.205;26670300;582322141.5
POGR;D;20210921;000000;22.21;22.21;21.285;21.52;11657100;251464542.5
POGR;D;20210922;000000;21.4;21.765;21.04;21.375;7845200;167651201.5
POGR;D;20210923;000000;21.255;21.615;21.13;21.255;5803500;123758843
POGR;D;20210924;000000;21.37;21.64;20.9;21.11;7014700;148719408
POGR;D;20210927;000000;21.3;22.28;20.6;21.2;16625100;354869123.5
POGR;D;20210928;000000;21.2;21.2;20.64;20.925;6919100;144218312.5
POGR;D;20210929;000000;20.925;21.02;20.27;20.375;7719000;159153666
POGR;D;20210930;000000;20.4;20.76;20.115;20.715;10635400;216435643.5
POGR;D;20211001;000000;20.6;20.715;20.17;20.36;4946000;100632612
POGR;D;20211004;000000;20.35;20.35;19.91;20.13;9623100;192982887.5
POGR;D;20211005;000000;20.145;20.34;20;20.13;6950400;139929950
POGR;D;20211006;000000;20.13;20.285;19.92;20.265;7256900;145628735
POGR;D;20211007;000000;20.29;20.69;20.15;20.58;4977200;102145305
POGR;D;20211008;000000;20.5;22.05;20.4;21.59;23116300;497251821
POGR;D;20211011;000000;21.62;21.825;21.02;21.445;8760300;186858211
POGR;D;20211012;000000;21.6;22.98;21.525;22.735;26947500;606923076
POGR;D;20211013;000000;22.83;23.7;22.635;23.475;33380200;778608771
POGR;D;20211014;000000;23.3;24.21;23.11;24.15;22409000;533511333.5
POGR;D;20211015;000000;24.155;24.175;23.33;23.61;15349200;363185756.5
POGR;D;20211018;000000;23.6;24.35;23.145;23.94;12184400;291554208.5
POGR;D;20211019;000000;24.4;24.59;24.125;24.38;11953100;291240735.5
POGR;D;20211020;000000;24.455;24.935;23.41;23.87;17015300;413734715.5
POGR;D;20211021;000000;23.99;24.305;23.545;23.86;9142300;219090731.5
POGR;D;20211022;000000;24;24.495;23.85;24.15;8168100;197816411
POGR;D;20211025;000000;24.5;24.68;23.32;24.04;14078500;333641102
POGR;D;20211026;000000;24.1;24.1;23.38;23.42;6674300;158178568
POGR;D;20211027;000000;23.38;24.02;23.13;23.625;13128700;311217074.5
POGR;D;20211028;000000;23.75;23.855;23.4;23.545;7736500;182650518
POGR;D;20211029;000000;23.7;23.7;22.19;22.625;8939500;205775681
POGR;D;20211101;000000;22.805;22.805;22.31;22.65;6347200;143338956.5
POGR;D;20211102;000000;22.73;22.895;21.87;22.05;8075000;179642269.5
POGR;D;20211103;000000;22.05;22.085;21.33;21.73;10465700;226624182.5
POGR;D;20211105;000000;21.905;22.2;21.36;21.81;10824800;234482639.5
POGR;D;20211108;000000;21.7;22.775;21.7;22.13;16913000;375304604.5
POGR;D;20211109;000000;22.2;22.2;21.345;21.51;15009300;326295902.5
POGR;D;20211110;000000;21.5;22.635;21.06;22.055;35349100;769430075
POGR;D;20211111;000000;22.1;23.585;22.1;23.35;31290200;721226576
POGR;D;20211112;000000;23.35;23.61;22.45;23.18;17674400;407813829.5
POGR;D;20211115;000000;23.15;23.81;22.65;23.28;10810800;252157115.5
POGR;D;20211116;000000;23.5;23.855;22.75;23.045;16601400;386518914
POGR;D;20211117;000000;23.195;23.2;22.805;22.905;6198400;142297539
POGR;D;20211118;000000;22.875;22.915;21.8;22.12;8871400;198432883.5
POGR;D;20211119;000000;22.16;22.395;21.61;21.875;9556700;209996183.5
POGR;D;20211122;000000;21.805;22.12;21.075;21.5;15276300;329307682
POGR;D;20211123;000000;21.5;21.5;20.675;21.07;15683100;329182950.5
POGR;D;20211124;000000;21.07;21.305;20.41;20.66;9424100;195556568.5
POGR;D;20211125;000000;20.95;21.38;20.76;21.015;7199400;151756506.5
POGR;D;20211126;000000;21.03;21.355;20.525;20.7;13586200;284258499.5
POGR;D;20211129;000000;20.985;21.085;20.465;20.795;8137400;168698122.5
POGR;D;20211130;000000;20.8;21.55;20.52;20.8;10928600;228230409
POGR;D;20211201;000000;20.99;21.2;20.69;20.885;6377900;133069892
POGR;D;20211202;000000;20.985;21.05;20.7;20.89;4418900;92142342.5
POGR;D;20211203;000000;21;21.4;20.605;21.14;6137100;128597857
POGR;D;20211206;000000;21.34;21.35;20.715;20.83;6375200;133651047.5
POGR;D;20211207;000000;20.8;21.265;20.75;21.055;6522400;137061217.5
POGR;D;20211208;000000;21.15;21.45;20.715;20.835;7652800;161600359
POGR;D;20211209;000000;20.9;21.3;20.79;21.1;18338800;386559912.5
POGR;D;20211210;000000;20.975;21.2;20.8;20.915;17683400;370742220.5
POGR;D;20211213;000000;21.08;21.1;19.62;19.905;30261600;627847999.5
POGR;D;20211214;000000;19.71;20.245;17.5;20.065;20307000;395714865
POGR;D;20211215;000000;20.24;20.34;19.595;20.115;15100700;301731520
POGR;D;20211216;000000;20.285;20.8;20.01;20.65;15904900;324190439.5
POGR;D;20211217;000000;20.71;22.265;20.7;21.355;13482200;288872364.5
POGR;D;20211220;000000;21.215;21.8;20.52;20.59;9672600;202416404
POGR;D;20211221;000000;20.695;20.945;20.33;20.36;7770000;160016330.5
POGR;D;20211222;000000;20.465;20.655;20.25;20.5;10856400;221816837
POGR;D;20211223;000000;20.45;20.94;20.45;20.58;9911900;204577582.5
POGR;D;20211224;000000;20.65;20.7;20.125;20.215;7935300;161138930
POGR;D;20211227;000000;20.24;20.3;19.46;19.755;24944500;491790668
POGR;D;20211228;000000;19.83;19.94;19.1;19.29;27964400;539432214
POGR;D;20211229;000000;19.295;19.42;18.7;19.16;13509600;257285881.5
POGR;D;20211230;000000;19.005;19.415;18.98;19.295;6245800;120267556.5
POGR;D;20220103;000000;19.4;19.75;19.16;19.55;4501700;88180234
POGR;D;20220104;000000;19.51;19.715;19.21;19.575;6578800;128219391.5
POGR;D;20220105;000000;19.6;19.6;18.74;18.87;11362700;216962556.5
POGR;D;20220106;000000;18.825;19.17;18.455;19.075;5625700;106569883
POGR;D;20220110;000000;19.115;19.195;18.715;19.035;4308900;81818097
POGR;D;20220111;000000;19.1;19.1;18.54;18.91;13641300;256521773
POGR;D;20220112;000000;18.84;19.16;18.72;19.105;8694700;164681290.5
POGR;D;20220113;000000;19.08;19.145;18.44;18.67;8260700;155067439
POGR;D;20220114;000000;18.795;18.94;17.75;18.08;15425700;280056800.5
POGR;D;20220117;000000;18.1;18.18;17.5;17.715;8998600;160069740
POGR;D;20220118;000000;17.74;17.95;15.2;16.47;38795300;626571194.5
POGR;D;20220119;000000;16.5;17.19;15.3;16.765;27951800;457597086
POGR;D;20220120;000000;16.885;17.6;16.505;16.69;18561400;314923884.5
POGR;D;20220121;000000;16.66;16.795;16.15;16.29;12346300;203257229.5
POGR;D;20220124;000000;16.4;16.795;15.015;16.005;22162900;348202721
POGR;D;20220125;000000;16.15;16.66;15.505;16.62;13958000;223163449.5
POGR;D;20220126;000000;16.5;17.3;16.1;16.225;13613000;227022474
POGR;D;20220127;000000;16.28;16.51;15.7;16.115;13459400;216098097
POGR;D;20220128;000000;16.11;16.205;15.095;15.485;28029700;433224395.5
POGR;D;20220131;000000;15.56;15.95;15.525;15.95;9122300;142934204.5
POGR;D;20220201;000000;15.95;16.54;15.765;16.115;10459400;169573237.5
POGR;D;20220202;000000;16.2;16.345;15.65;15.925;8840000;140880309.5
POGR;D;20220203;000000;15.805;15.99;15.505;15.695;5270100;82664081
POGR;D;20220204;000000;15.565;16.205;15.505;15.88;7461800;117615388.5
POGR;D;20220207;000000;15.845;16.05;15.31;15.815;9588000;149679736
POGR;D;20220208;000000;15.725;16;15.46;15.755;7556200;118366633
POGR;D;20220209;000000;15.775;16.205;15.5;16.145;12548800;197735603.5
POGR;D;20220210;000000;16.09;16.74;15.95;16.085;21408500;349811919.5
POGR;D;20220211;000000;16.14;16.145;15.5;15.6;14163400;223378888.5
POGR;D;20220214;000000;15.6;16.22;15.325;15.94;14315100;225386696.5
POGR;D;20220215;000000;15.95;16.495;15.835;16.06;12610100;203862336
POGR;D;20220216;000000;16.015;16.955;15.94;16.82;14149700;231582987
POGR;D;20220217;000000;16.79;16.91;15.9;16.425;28046200;459413553.5
POGR;D;20220218;000000;16.5;16.58;15.95;16.05;17487600;285873527.5
POGR;D;20220221;000000;16;16.535;12.56;13.435;36947100;541539618.5
POGR;D;20220222;000000;13.255;14.22;11.35;14.18;32697900;421469662
POGR;D;20220224;000000;12.8;13;7;9.995;36591700;355075914
POGR;D;20220225;000000;9.99;11.805;9.305;9.405;20668300;208977801.5
POGR;D;20220329;000000;10.05;10.495;8.77;8.8;10300500;99658156
POGR;D;20220330;000000;9.01;12.115;9.005;11.815;11970300;128893083
POGR;D;20220331;000000;11.93;12.9;11.2;12.03;13297700;161971466.5
POGR;D;20220401;000000;12.3;12.44;11.77;12.03;6400700;77187600.5
POGR;D;20220404;000000;12.03;13.95;12;13.325;18618500;245679506.5
POGR;D;20220405;000000;13.25;14.95;12.5;13.4;24232200;339766026
POGR;D;20220406;000000;13.18;13.34;12.1;12.94;5289900;68440753
POGR;D;20220407;000000;12.99;13;11.88;12.3;5385400;66705146.5
POGR;D;20220408;000000;12.25;12.56;11.06;11.855;4762300;56157333
POGR;D;20220411;000000;11.9;13.09;11.785;12.43;5605400;70419047.5
POGR;D;20220412;000000;12.56;13.1;11.5;12.21;4947900;60963870.5
POGR;D;20220413;000000;12.21;12.365;12.05;12.11;1726700;21008732.5
POGR;D;20220414;000000;11.535;12.115;9.85;10.105;29980000;322359272.5
POGR;D;20220415;000000;9.325;9.615;7.84;8.6;69968000;603828666.5
POGR;D;20220418;000000;8.8;9.245;8.5;8.73;13204100;117079519
POGR;D;20220419;000000;8.735;8.875;8;8.265;8999200;74536021.5
POGR;D;20220420;000000;8.595;8.91;8.31;8.55;9785500;84264055.5
POGR;D;20220421;000000;8.625;8.7;8.18;8.27;5239100;43927049.5
POGR;D;20220422;000000;8.4;8.6;8.02;8.135;5166900;42470956.5
POGR;D;20220425;000000;8.145;8.215;7.2;7.505;14326700;108590112.5
POGR;D;20220426;000000;7.5;7.535;7.205;7.305;10295500;75935994
POGR;D;20220427;000000;7.39;7.72;7.225;7.5;7721400;57627827
POGR;D;20220428;000000;7.46;8.4;7.455;7.655;16769700;133438637.5
POGR;D;20220429;000000;7.7;8.1;7.55;7.605;5940800;46161236.5
POGR;D;20220504;000000;7.605;7.78;7.32;7.375;2960200;22226963.5
POGR;D;20220505;000000;7.26;7.61;7.26;7.4;2672700;19861558
POGR;D;20220506;000000;7.415;7.43;7;7.115;7610600;54341041.5
POGR;D;20220511;000000;7.115;7.215;6.9;7.03;4540600;31971092.5
POGR;D;20220512;000000;7.08;7.08;5.935;5.995;20972800;134821045.5
POGR;D;20220513;000000;6.09;6.345;5.955;6.005;9754300;59783595
POGR;D;20220516;000000;6.29;6.29;5.985;6.005;7836600;48000356.5
POGR;D;20220517;000000;6.005;6.105;5.99;6.05;4139400;25006623.5
POGR;D;20220518;000000;6.1;6.175;5.95;6.055;7437500;45271660
POGR;D;20220519;000000;6.06;6.185;5.7;5.85;10148300;59433513
POGR;D;20220520;000000;5.88;6.025;5.5;5.57;7212800;41338150.5
POGR;D;20220523;000000;6;6;5.375;5.54;9516200;53577830.5
POGR;D;20220524;000000;5.46;5.54;4.955;5.27;11691900;60376353.5
POGR;D;20220525;000000;5.29;5.29;5.055;5.13;2936500;15060935.5
POGR;D;20220526;000000;5.13;5.785;5.12;5.465;11230100;61334041.5
POGR;D;20220527;000000;5.385;5.85;5.385;5.61;7212900;40897195
POGR;D;20220530;000000;5.75;5.9;5.33;5.395;8910300;50035806.5
POGR;D;20220531;000000;5.5;5.59;5.205;5.32;5762000;31080327
POGR;D;20220601;000000;5.325;5.35;5.155;5.2;3058400;16051264.5
POGR;D;20220602;000000;5.2;5.4;5.18;5.275;2440100;12887876
POGR;D;20220603;000000;5.28;5.455;4.96;5.03;7820200;40714447
POGR;D;20220606;000000;5.135;5.2;4.53;4.61;10077400;48271405
POGR;D;20220607;000000;4.69;4.69;3.95;4;23679700;98754191
POGR;D;20220608;000000;3.905;4.1;3.75;3.765;19524200;76669639
POGR;D;20220609;000000;3.65;3.82;3.31;3.42;21728200;75871545.5
POGR;D;20220610;000000;3.45;3.68;3.31;3.32;15028800;52414113.5
POGR;D;20220614;000000;3.315;3.315;3.01;3.01;14176900;44090792
POGR;D;20220615;000000;3.09;3.665;3.04;3.475;22001700;74065275
POGR;D;20220616;000000;3.505;3.665;3.22;3.3;14455400;50171621.5
POGR;D;20220617;000000;3.335;3.455;3.3;3.38;8269100;28059388
POGR;D;20220620;000000;3.4;3.5;3.33;3.44;6346900;21911625.5
POGR;D;20220621;000000;3.44;3.49;3.335;3.37;4459900;15162728.5
POGR;D;20220622;000000;3.4;3.4;3.22;3.335;2868100;9488403
POGR;D;20220623;000000;3.39;3.57;3.26;3.375;6876400;23600278
POGR;D;20220624;000000;3.385;3.49;3.35;3.4;2939800;10009061.5
POGR;D;20220627;000000;3.37;3.87;3.34;3.705;11287500;40086457.5
POGR;D;20220628;000000;3.75;3.75;3.38;3.405;10032300;35474917.5
POGR;D;20220629;000000;3.405;3.48;3.36;3.37;5477900;18743973.5
POGR;D;20220630;000000;3.37;3.42;3.02;3.145;12267300;38751448
POGR;D;20220701;000000;3.2;3.2;2.985;3.1;9181300;28276922
POGR;D;20220704;000000;3.145;3.18;3.03;3.1;2323600;7197384.5
POGR;D;20220705;000000;3.17;3.39;2.9;3.12;9525600;29651971.5
POGR;D;20220706;000000;3.12;3.275;3.105;3.195;4366300;13988382.5
POGR;D;20220707;000000;3.2;3.65;3.13;3.25;27952400;97048773
POGR;D;20220708;000000;3.26;3.495;3.25;3.42;7161800;24567020
POGR;D;20220711;000000;3.405;3.79;3.405;3.78;19407700;70526509.5
POGR;D;20220712;000000;3.69;3.765;0.7;0.87;286570500;577071008.5
